{
    "Hello World": {
        "python": 0.014775753021240234,
        "rust": 0.001983165740966797,
        "c": 0.0020461082458496094,
        "cpp": 0.0023534297943115234
    }
}