{
    "Hello World": {
        "python": 0.021277189254760742,
        "rust": 0.002264261245727539,
        "c": 0.0013952255249023438,
        "cpp": 0.0023827552795410156,
        "haskell": 0.002785205841064453,
        "js": 0.03241920471191406,
        "ruby": 0.0716557502746582,
        "java": 0.6436760425567627
    },
    "Fibonacci to 15": {
        "python": 0.017602920532226562,
        "rust": 0.0020246505737304688,
        "c": 0.0014567375183105469,
        "cpp": 0.002347707748413086,
        "haskell": 0.002933502197265625,
        "js": 0.03736138343811035,
        "ruby": 0.07010602951049805,
        "java": 0.7082397937774658
    },
    "Default Sorter": {
        "cpp": 0.0027997493743896484,
        "rust": 0.002005338668823242,
        "python": 0.016695499420166016,
        "haskell": 0.0034132003784179688,
        "js": 0.05396628379821777,
        "ruby": 0.07450270652770996,
        "java": 0.9489762783050537
    }
}