{
    "Hello World": {
        "python": 0.008808588981628418,
        "rust": 0.0009014606475830078,
        "c": 0.0007582426071166993,
        "cpp": 0.0012190103530883788,
        "haskell": 0.0011235475540161133,
        "java": 0.2873613595962524,
        "js": 0.08930075168609619,
        "ruby": 0.04461231231689453,
        "c-sharp": 0.014248919486999512,
        "php": 0.009024834632873536,
        "ts": 0.08911983966827393
    },
    "Fibonacci to 15": {
        "python": 0.008625102043151856,
        "rust": 0.0008817911148071289,
        "c": 0.0007737159729003906,
        "cpp": 0.0012294530868530273,
        "haskell": 0.0014092206954956054,
        "java": 0.31025032997131347,
        "js": 0.09023120403289794,
        "ruby": 0.04633252620697022,
        "c-sharp": 0.01448681354522705,
        "php": 0.008997154235839844,
        "ts": 0.08847887516021728
    },
    "Default Sorter": {
        "python": 0.008639264106750488,
        "rust": 0.0008849143981933594,
        "cpp": 0.0011905670166015626,
        "haskell": 0.001183772087097168,
        "java": 0.33648602962493895,
        "js": 0.09403071403503419,
        "ruby": 0.044841551780700685,
        "c-sharp": 0.01531081199645996,
        "php": 0.010294556617736816,
        "ts": 0.08894190788269044
    }
}