{
    "Hello World": {
        "python": 0.015954017639160156,
        "rust": 0.001967906951904297,
        "c": 0.0015528202056884766,
        "cpp": 0.002773284912109375,
        "haskell": 0.0026559829711914062,
        "js": 0.028975248336791992,
        "ruby": 0.07096433639526367,
        "java": 0.6663374900817871
    },
    "Fibonacci to 15": {
        "python": 0.016158103942871094,
        "rust": 0.0019495487213134766,
        "c": 0.001443624496459961,
        "cpp": 0.0023937225341796875,
        "haskell": 0.0030829906463623047,
        "js": 0.03642129898071289,
        "ruby": 0.07024574279785156,
        "java": 0.7801048755645752
    },
    "Default Sorter": {
        "cpp": 0.0023794174194335938,
        "rust": 0.0022013187408447266,
        "python": 0.015590906143188477,
        "haskell": 0.0032057762145996094,
        "js": 0.04337048530578613,
        "ruby": 0.07699346542358398,
        "java": 0.8826751708984375
    }
}