{
    "Hello World": {
        "python": 0.016353845596313477,
        "rust": 0.0019218921661376953,
        "c": 0.0013985633850097656,
        "cpp": 0.003079652786254883
    },
    "Fibonacci to 15": {
        "python": 0.017724037170410156,
        "rust": 0.002701282501220703,
        "c": 0.0013921260833740234,
        "cpp": 0.0027670860290527344
    },
    "Default Sorter": {
        "cpp": 0.002204418182373047,
        "rust": 0.003746509552001953,
        "python": 0.02042078971862793
    }
}